Demetrius;1;6644
Samuel;0;0
Yuli;0;0
Price;0;0
Yuli;0;0
Thaddeus;0;0
Ignatius;0;0
Kermit;0;0
Marvin;0;0
Joel;0;0
Hop;0;0
Avram;0;0
Zephania;0;0
Rigel;0;0
Russell;0;0
Graham;0;0
Geoffrey;0;0
Kato;0;0
Graiden;0;0
Emery;0;0
Alexander;0;0
Silas;0;0
Kato;0;0
Nathan;0;0
Lewis;0;0
Ciaran;0;0
Armand;0;0
Callum;0;0
Dennis;0;0
Vincent;0;0
Kato;0;0
Jamal;0;0
Xavier;0;0
Trevor;0;0
Emmanuel;0;0
Herrod;0;0
Kamal;0;0
Cody;0;0
Jerry;0;0
Yardley;0;0
Graiden;0;0
Donovan;0;0
Rafael;0;0
Marshall;0;0
Lucius;0;0
Donovan;0;0
Clayton;0;0
Tyrone;0;0
Cruz;0;0
Lee;0;0
Camden;0;0
Silas;0;0
Duncan;0;0
Hamish;0;0
Mohammad;0;0
Damian;0;0
Zeph;0;0
Hedley;0;0
Price;0;0
Ira;0;0
Timothy;0;0
Amir;0;0
Lance;0;0
Reed;0;0
Walter;0;0
Jeremy;0;0
Wang;0;0
Kennedy;0;0
Hector;0;0
Roth;0;0
Ray;0;0
Ira;0;0
Brent;0;0
Walker;0;0
Barclay;0;0
Ignatius;0;0
Denton;0;0
Finn;0;0
Kibo;0;0
Kyle;0;0
Allistair;0;0
Salvador;0;0
Judah;0;0
Jakeem;0;0
Craig;0;0
Nasim;0;0
Josiah;0;0
Aquila;0;0
Kasimir;0;0
Hayden;0;0
Slade;0;0
Preston;0;0
Gage;0;0
Hamish;0;0
Lucas;0;0
Quamar;0;0
Octavius;0;0
Graham;0;0
Duncan;0;0
Jerome;0;0
