Nombre;Dirección;Empleado;Estado;
Camilo;  Mi casa;4332256;  susana;  REQUESTED;Sun Mar 28 01:19:55 COT 2021;f;
Camilo;  Mi casa;4332256;  susana;  REQUESTED;Sun Mar 28 01:27:46 COT 2021;scdscs;
Richi;  Calle 13;37748;  Campaz;  REQUESTED;Thu Jan 28 00:03:00 COT 2021;;
Richi;  Calle 74;37748;  Campaz;  REQUESTED;Sun Mar 28 20:02:34 COT 2021;;
Sammie;  01027 Knutson Junction;1625042401;  Waring;  REQUESTED;Sun Jan 26 00:09:00 COT 2020;;
Marinna;  6426 Lindbergh Circle;5646201304;  Babette;  REQUESTED;Wed Jan 08 00:08:00 COT 2020;;
Richi;  Calle 13;37748;  Campaz;  REQUESTED;Thu Jan 28 00:03:00 COT 2021;;
Jacob;  Campinas;06 27 31 97 20;  Bevis;  REQUESTED;Fri Jan 29 00:01:00 COT 2021;;
Garrison;  Boo;09 14 75 94 96;  Tyler;  REQUESTED;Sun Jan 23 00:03:00 COT 2022;;
Keaton;  Sangju;08 07 65 32 42;  Carlos;  REQUESTED;Tue Jan 04 00:03:00 COT 2022;;
Lamar;  Eindhoven;09 62 84 37 08;  Ira;  REQUESTED;Fri Jan 31 00:12:00 COT 2020;;
Jordan;  Penrith;07 37 23 71 31;  Aquila;  REQUESTED;Sat Jan 18 00:08:00 COT 2020;;
Connor;  Hemel Hempstead;04 07 48 87 65;  Aaron;  REQUESTED;Mon Jan 20 00:12:00 COT 2020;;
Damon;  Ciudad Real;07 90 04 48 89;  Yasir;  REQUESTED;Sat Jan 18 00:11:00 COT 2020;;
Lee;  Sydney;07 75 84 89 90;  Amos;  REQUESTED;Fri Jan 29 00:04:00 COT 2021;;
Hunter;  Sannazzaro de' Burgondi;03 47 50 41 28;  Yuli;  REQUESTED;Thu Jan 14 00:11:00 COT 2021;;
Marvin;  Norman;07 58 84 51 26;  Burke;  REQUESTED;Sat Jan 09 00:09:00 COT 2021;;
Micah;  College;02 00 84 54 52;  Cade;  REQUESTED;Sat Jan 16 00:11:00 COT 2021;;
Lester;  Lourdes;05 39 97 61 68;  Addison;  REQUESTED;Fri Jan 17 00:08:00 COT 2020;;
Bernard;  Gdańsk;08 23 70 91 26;  Graham;  REQUESTED;Mon Jan 25 00:12:00 COT 2021;;
Malachi;  Châlons-en-Champagne;08 25 81 76 15;  Quinlan;  REQUESTED;Sun Jan 03 00:03:00 COT 2021;;
Zeus;  Waiuku;04 22 20 06 25;  John;  REQUESTED;Mon Jan 11 00:02:00 COT 2021;;
Hilel;  Delhi;08 09 73 99 81;  Zahir;  REQUESTED;Thu Jan 30 00:12:00 COT 2020;;
Thaddeus;  Granada;06 21 50 73 44;  Craig;  REQUESTED;Mon Jan 18 00:12:00 COT 2021;;
Macon;  Vienna;02 53 86 75 20;  Holmes;  REQUESTED;Mon Jan 06 00:09:00 COT 2020;;
Arsenio;  Springfield;06 69 74 42 90;  Lars;  REQUESTED;Wed Jan 27 00:05:00 COT 2021;;
Avram;  Gold Coast;09 26 33 77 55;  Brian;  REQUESTED;Wed Jan 13 00:12:00 COT 2021;;
Cameron;  Girona;06 08 70 53 33;  Jonah;  REQUESTED;Wed Jan 15 00:08:00 COT 2020;;
Wayne;  Patalillo;03 10 91 04 62;  Lucian;  REQUESTED;Sat Jan 01 00:02:00 COT 2022;;
Daquan;  Sevsk;06 53 51 75 22;  Armand;  REQUESTED;Tue Jan 19 00:01:00 COT 2021;;
Lyle;  Alwar;09 84 71 87 97;  Lester;  REQUESTED;Thu Jan 30 00:08:00 COT 2020;;
Alvin;  Chandannagar;03 92 53 26 40;  Gannon;  REQUESTED;Fri Jan 22 00:08:00 COT 2021;;
Arden;  Limón (Puerto Limón);01 13 97 72 87;  Curran;  REQUESTED;Mon Jan 27 00:05:00 COT 2020;;
Ulysses;  Kırıkhan;09 38 44 24 72;  Xenos;  REQUESTED;Thu Jan 09 00:06:00 COT 2020;;
Armando;  Dublin;07 52 11 31 40;  Chaim;  REQUESTED;Mon Jan 06 00:12:00 COT 2020;;
Nero;  Porirua;05 84 71 22 53;  Jarrod;  REQUESTED;Thu Jan 07 00:02:00 COT 2021;;
William;  Chungju;06 90 06 69 37;  Hakeem;  REQUESTED;Wed Jan 19 00:03:00 COT 2022;;
Lev;  Zamość;09 24 66 75 71;  Nissim;  REQUESTED;Mon Jan 04 00:03:00 COT 2021;;
Herrod;  Dhanbad;02 42 03 64 63;  Hilel;  REQUESTED;Tue Jan 26 00:03:00 COT 2021;;
Colton;  Tuscaloosa;02 12 31 59 42;  Paki;  REQUESTED;Sat Jan 15 00:02:00 COT 2022;;
Stewart;  Serang;05 81 84 35 47;  Kane;  REQUESTED;Fri Jan 10 00:10:00 COT 2020;;
Caleb;  North Las Vegas;04 61 78 10 53;  Victor;  REQUESTED;Mon Jan 20 00:09:00 COT 2020;;
Cody;  Siedlce;04 47 19 44 93;  Allen;  REQUESTED;Sun Jan 12 00:05:00 COT 2020;;
Lucas;  Vigo;07 09 88 10 40;  Uriel;  REQUESTED;Tue Jan 04 00:03:00 COT 2022;;
Nero;  Bellary;08 26 70 35 08;  Tyler;  REQUESTED;Wed Jan 13 00:01:00 COT 2021;;
Timothy;  Arauca;02 99 16 98 17;  Matthew;  REQUESTED;Thu Jan 20 00:02:00 COT 2022;;
Fitzgerald;  Colico;09 86 84 86 53;  Kato;  REQUESTED;Mon Jan 25 00:05:00 COT 2021;;
Howard;  Bellevue;09 33 69 69 25;  Dane;  REQUESTED;Fri Jan 22 00:07:00 COT 2021;;
Ira;  Whangarei;09 79 57 06 25;  Raphael;  REQUESTED;Thu Jan 27 00:01:00 COT 2022;;
Hall;  Ulloa (Barrial);06 78 84 43 86;  Jonah;  REQUESTED;Sat Jan 09 00:06:00 COT 2021;;
Kennedy;  Cupar;03 65 14 20 76;  Allen;  REQUESTED;Thu Jan 30 00:04:00 COT 2020;;
Armando;  Campbelltown;03 14 94 98 38;  Timon;  REQUESTED;Fri Jan 17 00:09:00 COT 2020;;
Elijah;  Bhavnagar;06 16 29 98 81;  Keane;  REQUESTED;Mon Jan 24 00:01:00 COT 2022;;
Logan;  Haut-Ittre;06 56 97 37 90;  Fuller;  REQUESTED;Mon Jan 24 00:01:00 COT 2022;;
Joshua;  Berlin;06 30 70 70 61;  William;  REQUESTED;Fri Jan 08 00:01:00 COT 2021;;
Malcolm;  Hervey Bay;02 57 90 63 30;  Rogan;  REQUESTED;Mon Jan 24 00:02:00 COT 2022;;
Elijah;  Faisalabad;03 52 51 09 90;  Harding;  REQUESTED;Tue Jan 05 00:07:00 COT 2021;;
Elmo;  Kearney;06 39 17 07 68;  Davis;  REQUESTED;Fri Jan 10 00:08:00 COT 2020;;
Troy;  Vienna;04 41 69 88 29;  Knox;  REQUESTED;Thu Jan 02 00:09:00 COT 2020;;
Hyatt;  Bergen op Zoom;04 82 84 39 89;  Derek;  REQUESTED;Fri Jan 29 00:09:00 COT 2021;;
Vance;  Konya;01 64 50 91 60;  Brady;  REQUESTED;Fri Jan 10 00:11:00 COT 2020;;Posuere Cubilia Curae;86188
Connor;  Berlin;06 35 50 95 94;  Ferdinand;  REQUESTED;Fri Jan 03 00:12:00 COT 2020;;
Randall;  Getafe;02 53 57 88 87;  Garth;  REQUESTED;Sun Jan 26 00:05:00 COT 2020;;
Blaze;  Göteborg;02 96 12 63 61;  Cade;  REQUESTED;Sun Jan 10 00:01:00 COT 2021;;
Colby;  Salon-de-Provence;02 74 32 91 53;  Vincent;  REQUESTED;Fri Jan 15 00:04:00 COT 2021;;
Macon;  Hastings;08 01 36 01 82;  Damon;  REQUESTED;Wed Jan 08 00:05:00 COT 2020;;
Philip;  Puntarenas;06 87 95 49 06;  Chandler;  REQUESTED;Fri Jan 07 00:03:00 COT 2022;;
Myles;  Grasse;05 86 12 73 52;  Brian;  REQUESTED;Mon Jan 06 00:09:00 COT 2020;;
Thomas;  Södertälje;07 07 36 09 32;  Addison;  REQUESTED;Fri Jan 03 00:08:00 COT 2020;;
Camden;  Gresham;05 07 74 67 97;  Kenyon;  REQUESTED;Mon Jan 25 00:01:00 COT 2021;;
Denton;  Suarlee;02 63 71 99 05;  Damian;  REQUESTED;Fri Jan 10 00:12:00 COT 2020;;
Hamish;  Lambayeque;04 62 48 93 41;  Sean;  REQUESTED;Sat Jan 02 00:03:00 COT 2021;;
Mannix;  Uijeongbu;05 95 76 31 82;  Aquila;  REQUESTED;Wed Jan 15 00:12:00 COT 2020;;
Todd;  Vienna;03 43 82 65 61;  Boris;  REQUESTED;Tue Jan 12 00:11:00 COT 2021;;
Myles;  Istanbul;07 31 14 62 87;  Burke;  REQUESTED;Sat Jan 23 00:08:00 COT 2021;;
Jerome;  Arequipa;03 96 35 81 19;  Rooney;  REQUESTED;Thu Jan 09 00:05:00 COT 2020;;
Coby;  Vetlanda;05 20 92 43 73;  Lane;  REQUESTED;Wed Jan 22 00:06:00 COT 2020;;
Griffith;  Hamburg;04 61 90 54 32;  Blaze;  REQUESTED;Sun Jan 09 00:02:00 COT 2022;;
Curran;  San Pablo;05 09 55 47 62;  Caesar;  REQUESTED;Fri Jan 22 00:02:00 COT 2021;;
Rafael;  Lithgow;04 87 54 39 56;  Micah;  REQUESTED;Tue Jan 28 00:03:00 COT 2020;;
Arsenio;  Ikot Ekpene;02 34 25 78 83;  Merritt;  REQUESTED;Thu Jan 02 00:09:00 COT 2020;;
Alan;  Levin;07 04 80 74 97;  Castor;  REQUESTED;Wed Jan 12 00:02:00 COT 2022;;
Mannix;  Alert Bay;09 78 59 78 45;  Drake;  REQUESTED;Fri Jan 08 00:03:00 COT 2021;;
Aquila;  Vienna;03 71 13 87 66;  Timon;  REQUESTED;Thu Jan 16 00:11:00 COT 2020;;
Eric;  Springfield;05 16 91 95 53;  Dieter;  REQUESTED;Wed Jan 01 00:12:00 COT 2020;;
Drake;  Vienna;09 67 92 32 96;  Bruno;  REQUESTED;Wed Jan 22 00:06:00 COT 2020;;
Branden;  Henderson;01 54 81 13 53;  Quinlan;  REQUESTED;Fri Jan 01 00:06:00 COT 2021;;
Owen;  Shangla;07 03 63 25 84;  Ferdinand;  REQUESTED;Sun Jan 24 00:05:00 COT 2021;;
Knox;  Clovenfords;02 85 21 78 85;  Berk;  REQUESTED;Wed Jan 20 00:04:00 COT 2021;;
Henry;  Gary;03 60 36 46 71;  Gareth;  REQUESTED;Sun Jan 26 00:12:00 COT 2020;;
Eaton;  Istanbul;07 05 62 69 70;  Kevin;  REQUESTED;Sat Jan 11 00:07:00 COT 2020;;
Quamar;  Galway;05 06 80 68 26;  Thaddeus;  REQUESTED;Fri Jan 17 00:11:00 COT 2020;;
Conan;  Joondalup;09 41 90 56 99;  Troy;  REQUESTED;Wed Jan 27 00:05:00 COT 2021;;
Elton;  Piotrków Trybunalski;01 27 12 70 13;  Leroy;  REQUESTED;Tue Jan 21 00:10:00 COT 2020;;
Honorato;  Galway;08 89 78 85 13;  Tyrone;  REQUESTED;Sun Jan 05 00:11:00 COT 2020;;
Jameson;  Tezze sul Brenta;06 01 74 03 66;  Alec;  REQUESTED;Wed Jan 19 00:01:00 COT 2022;;
Jakeem;  Colorado Springs;05 23 53 44 11;  Tanek;  REQUESTED;Thu Jan 09 00:07:00 COT 2020;;
Beck;  Rock Springs;01 67 46 58 22;  Samson;  REQUESTED;Wed Jan 08 00:04:00 COT 2020;;
Martin;  San Nicolás;04 90 38 67 15;  Ulysses;  REQUESTED;Tue Jan 26 00:12:00 COT 2021;;
Benjamin;  Poza Rica;04 65 76 74 52;  Kenneth;  REQUESTED;Wed Jan 06 00:02:00 COT 2021;;
Jonas;  Yurimaguas;02 03 28 34 26;  Wade;  REQUESTED;Sun Jan 10 00:05:00 COT 2021;;
Craig;  Serrata;09 80 70 02 05;  Curran;  REQUESTED;Mon Jan 11 00:01:00 COT 2021;;
