Blaze;0;0
Ferdinand;0;0
Micah;0;0
Ross;0;0
Ross;0;0
Abel;0;0
Slade;0;0
Daquan;0;0
Wang;0;0
Len;0;0
Zeph;0;0
Harper;0;0
Jonah;0;0
Ciaran;0;0
Logan;0;0
Ashton;0;0
Price;0;0
Leroy;0;0
Hunter;0;0
Christian;0;0
Zachery;0;0
Hyatt;0;0
Bevis;0;0
Andrew;0;0
Kadeem;0;0
Carson;0;0
Ira;0;0
Porter;0;0
Cullen;0;0
Dalton;0;0
Caleb;0;0
Arthur;0;0
Dylan;0;0
Thaddeus;0;0
Martin;0;0
Walter;0;0
Guy;0;0
Josiah;0;0
Dante;0;0
Jack;0;0
Dale;0;0
Cyrus;0;0
Leroy;0;0
Curran;0;0
Barry;0;0
Uriel;0;0
Gary;0;0
Thor;0;0
Hakeem;0;0
Ignatius;0;0
Brandon;0;0
Jonas;0;0
Samuel;0;0
Wing;0;0
Anthony;0;0
Jonas;0;0
Kasper;0;0
August;0;0
Erasmus;0;0
Kennedy;0;0
Ivan;0;0
Avram;0;0
Barrett;0;0
Adam;0;0
Garrison;0;0
Adam;0;0
Jamal;0;0
Cooper;0;0
Colby;0;0
Orlando;0;0
Alfonso;0;0
Owen;0;0
Ulric;0;0
Lucian;0;0
Xander;0;0
Merritt;0;0
Tiger;0;0
Oscar;0;0
Rooney;0;0
Kenneth;0;0
Ralph;0;0
Blaze;0;0
Alec;0;0
Beck;0;0
Isaiah;0;0
Nero;0;0
Chandler;0;0
Beck;0;0
Holmes;0;0
Zephania;0;0
Zeph;0;0
Lamar;0;0
August;0;0
Nero;0;0
Fitzgerald;0;0
Igor;0;0
Henry;0;0
Orson;0;0
Dane;0;0
Ignatius;0;0
Blaze;1;3322
Ferdinand;1;29239
Micah;1;20994
Ross;1;59556
Ross;1;74386
Abel;1;53724
Slade;1;36598
Daquan;1;22206
Wang;1;55836
Len;1;16041
Zeph;1;34920
Harper;1;71411
Jonah;1;43324
Ciaran;1;17194
Logan;1;59488
Ashton;1;29677
Price;1;18996
Leroy;1;44859
Hunter;1;87531
Christian;1;35247
Zachery;1;49691
Hyatt;1;89881
Bevis;1;32117
Andrew;1;90547
Kadeem;1;60110
Carson;1;99109
Ira;1;59826
Porter;1;65037
Cullen;1;19032
Dalton;1;70514
Caleb;1;41065
Arthur;1;41011
Dylan;1;55913
Thaddeus;1;10261
Martin;1;33040
Walter;1;69826
Guy;1;19254
Josiah;1;37637
Dante;1;59940
Jack;1;66806
Dale;1;75580
Cyrus;1;51573
Leroy;1;74000
Curran;1;24148
Barry;1;80064
Uriel;1;82222
Gary;1;72931
Thor;1;81276
Hakeem;1;88300
Ignatius;1;19621
Brandon;1;1377
Jonas;1;33617
Samuel;1;79244
Wing;1;93947
Anthony;1;92761
Jonas;1;40929
Kasper;1;54707
August;1;33978
Erasmus;1;32225
Kennedy;1;35372
Ivan;1;70988
Avram;1;74520
Barrett;1;5579
Adam;1;62781
Garrison;1;63120
Adam;1;51806
Jamal;1;22386
Cooper;1;66492
Colby;1;17408
Orlando;1;81686
Alfonso;1;31154
Owen;1;10732
Ulric;1;55087
Lucian;1;89874
Xander;1;70732
Merritt;1;18450
Tiger;1;28674
Oscar;1;2401
Rooney;1;91468
Kenneth;1;93376
Ralph;1;60019
Blaze;1;85232
Alec;1;25628
Beck;1;96832
Isaiah;1;75026
Nero;1;36232
Chandler;1;39336
Beck;1;70496
Holmes;1;56825
Zephania;1;2847
Zeph;1;17996
Lamar;1;99897
August;1;68915
Nero;1;39191
Fitzgerald;1;22980
Igor;1;60116
Henry;1;9306
Orson;1;79033
Dane;1;33273
Ignatius;1;63599
