Urson,Origin,652-12-3051,09 Utah Trail,7298441001
Marianne,Hancorn,500-62-9317,3 Mitchell Plaza,3664076326
Wyatt,Dillamore,167-50-8291,805 Shopko Plaza,8347369690
Stesha,Tomisch,181-22-6816,8 Myrtle Avenue,2125242184
Carissa,Suttill,503-57-1764,9049 American Ash Park,3846296529
Deeanne,Bellino,606-92-9238,490 Mesta Lane,5583553383
Noellyn,Sterte,664-32-5283,92 Pond Avenue,8957750744
Stanley,Guiu,523-37-2302,4 Ludington Pass,4471489779
Beauregard,Tanton,131-79-3612,186 Bluejay Court,2379153855
Michael,Balassa,123-31-0255,3 Kings Circle,9976936165
Cobb,Zanuciolii,445-36-9581,54933 Arkansas Circle,9861954297
Sonja,Busen,883-81-7597,723 Oak Point,3937699501
Bondie,Broszkiewicz,384-93-6346,01 Maywood Plaza,4673533905
Jakie,Rosie,661-92-5090,34 David Hill,2153755379
Bertina,Manass,832-07-1042,9348 Maywood Avenue,8246685327
Dulcinea,Sheere,651-01-4937,612 Longview Plaza,7344690158
Dani,Trengrove,248-02-3268,68 Banding Center,1323901636
Fleming,Lochhead,507-83-8862,7683 Glendale Parkway,5593860798
Lisetta,Martello,453-19-2113,03146 Jenna Terrace,1526174185
Hallie,Auden,814-42-9295,5 Morningstar Drive,1334286716
Lucio,Jephson,398-07-5446,889 Towne Avenue,4187382163
Gabi,Dorie,736-59-4619,6 Swallow Junction,1294793510
Cassi,Skermer,705-91-5267,9 Fremont Circle,5083397763
Foster,Budgen,595-81-9178,40 Canary Drive,4842011940
Mildred,Boller,353-59-1290,0 Crownhardt Crossing,7858693984
Sybila,Fackney,311-55-2334,4496 Carpenter Drive,5468494219
Florri,Attenburrow,251-33-9534,4296 Kingsford Point,8816549953
Gwenni,Ormston,811-08-5363,4 Twin Pines Alley,5118372601
Margette,Larkin,787-80-4311,22 Stoughton Avenue,6647459326
Corby,Nono,615-04-2795,575 Brentwood Drive,8731886543
Grover,Poacher,333-61-5931,199 Rieder Center,5097116098
Slade,McIlwreath,179-39-4996,5 Judy Center,9821315287
Tiff,Crosby,413-56-0794,94418 Portage Center,9316390528
Garth,Spoward,848-54-2798,2209 Birchwood Crossing,3732569809
Feliks,Giacobo,718-81-6280,6168 Mallory Plaza,6328070969
Berri,Imlaw,801-08-3491,9521 Basil Crossing,5152404849
Raynard,Edmonston,366-32-8188,241 Quincy Parkway,9213175182
Shannan,Grassett,282-85-8661,9 Jay Lane,3533900727
Nanine,Bifield,191-70-7048,5294 Hintze Plaza,4345314799
Adan,Victor,607-98-9413,1105 Dawn Avenue,3509035658
Myrilla,Gatehouse,110-36-6143,092 Troy Terrace,8734737063
Parke,Robecon,648-92-7697,8016 Vidon Circle,2469853490
Georgena,Krook,732-66-4722,13 Cambridge Hill,3569333890
Tressa,Dessent,849-10-9054,2261 Spaight Place,8331775996
Roseanna,McCullum,866-24-5095,49881 Orin Junction,2199429194
Malcolm,Beccles,695-36-3434,35 Gina Alley,4974388422
Alfonse,Hansman,129-54-9059,1 Dayton Terrace,4945976045
Aloisia,McColm,594-63-8955,51 Gerald Junction,7135816261
Shara,Hammerstone,679-34-5207,5697 Tennessee Junction,8673176702
Wilden,Tolcharde,469-48-7592,12 Twin Pines Place,6281330971
Suzette,Gibbins,379-66-2092,091 Johnson Plaza,1209380520
Tim,Bosenworth,237-20-0428,99 Sunfield Pass,8065572158
Zuzana,Knights,170-59-4524,81 Redwing Circle,3978850834
Deina,Drever,877-46-4113,199 Maple Wood Alley,3626256627
Jeff,Fitzharris,499-79-3105,988 Tennyson Alley,6333500650
Veronike,Kiddey,162-22-9985,1 Oriole Center,2234696079
Georgeta,MacIver,851-92-0634,38770 Melody Park,9927325942
Annabella,Brewins,436-39-6218,301 Mccormick Court,5119087400
Pearle,Duffil,172-07-7245,44 Victoria Circle,1386303289
Jeniece,Garthshore,595-55-8083,6638 Pearson Drive,7794417823
Myer,Petchey,455-54-6935,97108 Lakewood Gardens Pass,1904628823
Rhonda,Dunkerly,266-94-0244,6 Monterey Junction,2101339200
Gil,Sheard,412-68-5214,5523 Scofield Trail,6085245181
Morly,Beringer,371-47-7540,3977 Vermont Pass,5676967090
Peta,Eddoes,763-09-7298,1591 Village Green Place,2848159570
Renae,Ast,154-85-0980,0 Grasskamp Terrace,2487157449
Arlee,Foyle,623-03-2518,0 Grayhawk Center,3395898597
Constantino,Pinor,640-41-2155,71770 Fair Oaks Trail,6804597527
Sisile,Skerrett,334-95-6232,4664 Vermont Lane,3875359275
Marni,Kardos-Stowe,133-74-4832,90751 Browning Lane,3165383817
Coleen,Russel,566-92-6546,83 Union Trail,6936399903
Charmine,Manterfield,108-01-5990,3 Fair Oaks Park,6025949883
Berny,Grandham,104-63-4621,6 Gerald Lane,6351554972
Brena,Kadd,165-59-4660,77796 Ridge Oak Street,6388191238
Celestina,Antwis,620-04-2013,10 Cambridge Plaza,6678281273
Raven,Schule,838-25-0034,9 Pond Park,5256894639
Aili,Elfitt,268-09-8282,59847 David Way,4962925859
Delphine,Galfour,301-55-2646,007 Kinsman Way,1301660927
Charlie,Kenner,187-97-9251,73 Main Lane,6385845507
York,Boulder,111-60-1470,78782 Darwin Crossing,2985003654
Stanford,Gehring,485-46-8024,1036 Burrows Alley,6972342328
Reggie,Woliter,475-19-9980,1986 La Follette Pass,2132293758
Ansell,Powe,199-89-3527,8 Crescent Oaks Center,6968681089
Ray,Ezzell,463-04-2143,3296 7th Pass,5366517726
Les,Matthew,812-24-3349,87 Susan Way,5574513953
Jaimie,Clingan,633-62-1289,758 Reinke Plaza,7957993939
Jojo,Cornill,163-53-2814,18 Park Meadow Road,2795862580
Astrid,Brunsden,694-77-2944,0874 Northfield Hill,8664047582
Shannah,Boddie,360-85-5664,686 Talmadge Alley,6076116959
Celestyn,Coot,754-70-7554,956 Bunker Hill Avenue,2648591963
Darby,Holdin,480-65-6831,8062 Gale Way,3728861635
Elke,Simonou,380-02-5161,3785 Killdeer Drive,2221295524
Ramon,Hawkswell,591-58-4418,69118 Debs Plaza,1463462442
Erhard,McMinn,198-63-6439,3144 Caliangt Trail,4382618796
Jeffrey,Wickson,563-31-4369,352 Monterey Street,6658091681
Marin,Fenby,703-89-0724,63561 Hoffman Pass,1294834609
Bruno,Phillipson,570-49-4047,649 4th Hill,4021567058
Claresta,Pencott,728-50-4325,9987 Graceland Road,4149600888
Salim,Wasteney,396-27-7180,0 Shoshone Terrace,9672818526
Yoshiko,McIvor,656-94-0114,12 Delladonna Lane,4648511181
Tades,Carlon,115-07-5928,447 Texas Trail,5412108300
Lucina,Twelvetree,571-83-2220,5401 Sheridan Plaza,2607146724
Cassie,Grieswood,312-02-3064,8903 Londonderry Terrace,3478937075
Rahal,Dumpleton,167-11-8648,1 Commercial Center,3284722663
Muhammad,McGlynn,117-35-6779,200 Morrow Point,7387716862
Guillaume,Fannon,888-66-7727,513 Stone Corner Court,1967227868
Perice,Shone,696-64-7919,5 North Lane,6731403011
Fin,Fucher,611-47-8197,82 Burrows Plaza,9362434419
Heddi,Earngy,801-80-1190,23716 Boyd Street,4631540511
Letitia,Baysting,390-45-0636,1309 Chinook Lane,9444661061
Bryn,Heustace,196-19-9956,6 Crescent Oaks Trail,5055851519
Hallie,McShea,118-10-5558,0060 Badeau Circle,1817516895
Karlens,Baudins,510-05-3044,463 Heath Crossing,7177618256
Allard,Orrey,659-73-3883,0 Larry Junction,2862450811
Maurise,Farrant,349-25-4131,5512 Linden Plaza,5767142400
Althea,Atwater,535-98-5144,6171 Commercial Drive,8952528221
Jackie,Castell,378-93-6674,0 Russell Street,6619158798
Fidela,Abry,313-29-3778,61681 Myrtle Court,5312725430
Powell,Dagnall,316-23-0304,9730 Dorton Junction,3866175145
August,Cholerton,707-68-2665,470 Hanover Pass,2083141866
Julia,Innwood,485-83-0854,7 Charing Cross Lane,2327919296
Jilleen,Fanti,111-01-0482,7 Moose Place,2623667110
Noelle,Hew,475-67-1007,333 Amoth Court,9927949853
Keely,Campo,209-72-7405,5546 Declaration Point,2516555866
Katrinka,Rioch,778-32-7828,0559 Prentice Point,8074295452
Gamaliel,Beever,599-27-9351,76 Mcguire Plaza,3553392726
Dorette,Feacham,577-63-6415,364 Morrow Road,6838321533
Justin,Spatoni,349-82-7729,0159 Harper Center,8018491197
Hill,Antczak,580-96-0238,0594 Russell Point,4052833815
Rene,Shew,535-56-9040,554 Burning Wood Court,3202014776
Wilow,Gayle,328-07-5192,9355 Dawn Court,4769080304
Drucy,Bellingham,790-39-0433,23 Donald Pass,5935215381
Eydie,Paffley,247-37-6813,47 Fairfield Plaza,3158254074
Edithe,Mullord,810-43-3363,11746 Dapin Terrace,1079294603
Erena,Leuren,229-49-0179,2 Steensland Pass,5483883082
Madalena,Tomankiewicz,293-73-3482,6519 1st Avenue,9419226685
Ailyn,Ziemecki,524-34-4755,941 Bashford Place,7848035287
Rhodie,Oddey,501-41-0686,192 Linden Trail,2251001648
Indira,Mapples,346-46-0218,946 Hayes Street,1452083154
Roldan,Sabathe,352-73-1107,5 Nevada Crossing,2206870501
Harriott,Le Brom,261-21-0648,898 Hoard Crossing,8645173003
Carmella,Hannaway,353-26-0559,98544 Novick Avenue,6336408682
Laverne,Piccop,274-04-1180,138 Sundown Way,7075678272
Desi,Corkish,122-70-2870,03596 Victoria Terrace,6499876843
Bogart,Malyon,143-42-0876,28200 Forest Dale Hill,7493398538
Wynne,Varndall,504-18-6774,3 4th Court,9725795460
Boycey,Creaser,144-33-8779,04 Waxwing Pass,2752523818
Harriott,Pomery,320-20-1326,246 Rutledge Park,3768487886
Ring,Gresser,222-15-6909,122 Express Way,6764536457
Cobb,McColl,562-86-3845,958 Novick Street,9392043683
Imogen,Adrianello,826-72-4253,819 Arizona Trail,5208184224
Janene,Konert,775-97-2709,0941 Victoria Alley,2298065908
Clareta,Cromb,606-33-7826,84066 Carpenter Alley,4626561083
Dode,McIndrew,761-26-3886,561 Cordelia Street,8622551483
Gunilla,Carren,261-93-4987,619 Michigan Junction,5447527528
Zeb,Jiggen,169-30-8451,13611 Cordelia Drive,2091568067
Ludovico,Krug,686-62-5527,715 Elmside Hill,3344252347
Dara,Mc Andrew,221-93-8577,22725 Tomscot Hill,9124283615
Joycelin,De Ambrosi,385-63-1755,17 Milwaukee Trail,1568092795
Ashil,Drewery,184-97-8054,634 Sutherland Lane,9674724315
Lauralee,Mc Meekan,563-85-5135,643 Transport Avenue,6761487231
Stanfield,Bembrigg,411-53-4803,89 8th Place,5664917969
Fax,Fowells,687-58-6137,919 Main Alley,1528060171
Harald,MacColgan,430-85-2469,4194 Scoville Junction,1281694472
Baily,Cockran,833-72-1965,7727 Lotheville Court,3262142076
Paco,Child,380-23-8633,6 Bunker Hill Circle,7722345297
Jarret,Merali,298-87-8532,88980 Mendota Alley,9331473239
Fredra,Raff,445-87-3729,426 Killdeer Alley,2514978917
Hugues,Whipple,817-70-6318,8 Duke Lane,9657230137
Alexina,Rotte,727-69-4008,429 Old Gate Crossing,6064958759
Taylor,Spratley,671-55-2560,7846 Manley Plaza,6908970709
Meggie,Reeder,869-79-4327,8323 Kensington Road,7497521620
Sande,Dewfall,217-85-7696,432 1st Pass,4734949273
Danna,Korneluk,716-90-7274,60966 Brickson Park Street,5321628080
Florida,Possek,886-92-4497,8 Dawn Center,7165602341
Rinaldo,Tuftin,326-09-6569,247 Del Mar Pass,8061869886
Ruprecht,Wormald,847-22-6469,539 Declaration Street,2177249964
Tomasina,Marmon,363-26-0900,22 1st Avenue,4814386128
Eba,Provost,155-90-0177,536 Claremont Trail,9429773455
Leesa,Whewill,215-58-3149,118 Village Park,4028321679
Cordelie,Vasilik,491-69-8738,05 Old Shore Junction,7191866427
Martin,Lackington,400-34-9903,3143 Homewood Pass,3963912925
Lora,Bussy,822-96-0855,304 Southridge Terrace,2368626468
Julina,Ebden,386-34-3823,58364 Crownhardt Pass,8487059931
Siegfried,Thorneywork,548-63-7697,0367 Hayes Place,4477043647
Janek,Pockett,811-03-2597,33404 Paget Place,4522903119
Audre,Harrington,629-79-0484,9146 Memorial Hill,5088222724
Abey,Flade,268-35-8893,6 Schurz Park,2443611712
Alica,Carff,352-13-9035,51127 Morrow Lane,1748436822
Chicky,Pescud,167-74-2178,668 Hanson Junction,4111892387
Caleb,Laurenzi,434-35-6928,7473 8th Street,2009471814
Sawyer,Lutty,632-71-2756,63 Ridge Oak Center,2166490709
Eleonore,Rubee,401-07-2143,11452 Westerfield Pass,5652795940
Laraine,Piell,782-03-5868,5632 Autumn Leaf Avenue,2709281578
Jobie,Monaghan,545-94-5643,5 Hoard Circle,6172572037
Antone,Starking,145-48-1437,83264 Dorton Park,8038512944
Brynn,Patley,627-59-8607,821 Fairview Court,8579585231
Ferrell,Purdey,471-79-9765,8320 Merchant Place,6917020551
Slade,Sketch,101-02-5998,3923 Barby Court,5262347503
Brinn,Branton,683-78-3452,379 Heffernan Crossing,4358795085
Bobette,Fendley,746-78-2254,17 Troy Trail,7423785844
Annette,Shinfield,188-34-7357,43 Straubel Hill,2853167580
Beverlie,Sitlington,705-20-7468,1 Lotheville Trail,4638377431
Luise,Jandera,895-34-0901,054 Cambridge Circle,2032397720
Nettie,Moisey,742-65-1485,4 Myrtle Lane,6256320333
Inglebert,Mosson,448-46-8408,07 Center Avenue,4717175657
Erika,Kittle,519-20-6331,5781 Parkside Road,7678508747
Jon,Rack,297-94-1422,1 Golf Pass,5817230163
Karissa,Duddin,144-95-8123,37571 Browning Avenue,1354622230
Sloan,McBeth,246-27-5582,98571 Summit Road,5995649451
Erny,Restorick,409-59-6189,57 Green Ridge Crossing,1648540748
Layney,Rieme,247-48-8110,24 Heffernan Way,2384299876
Hobey,Lanney,545-92-2443,4465 Pine View Lane,1844425105
Carmencita,Sixsmith,337-40-4000,640 Weeping Birch Terrace,7176737106
Lukas,Shimmings,849-81-9314,35 Glacier Hill Plaza,4942330589
Galven,Waiting,157-31-9205,13 Dayton Court,7334234752
Forbes,Wilcot,288-77-1670,78 Prairieview Drive,5036884824
Kevan,Baigent,270-06-0390,71 Melby Park,3056420528
Wade,Allberry,153-95-7658,5999 Nelson Crossing,2478156532
Marylynne,Roncelli,468-22-7216,712 Stoughton Parkway,7634837054
Brenden,Ick,252-40-1068,3 Upham Plaza,7537500700
Letizia,McLay,279-59-9656,692 West Plaza,5656185387
Maura,Gaul,804-59-6739,12366 Pine View Plaza,2295135758
Nathanil,Green,694-96-2671,194 Dryden Crossing,4848326267
Christian,Padginton,604-13-2201,6 Commercial Trail,9167054151
Florian,Cabera,421-27-8377,1 Kings Hill,1131825227
Emory,McPheat,681-34-0150,2363 Trailsway Street,9621227082
Alvan,Lindstedt,553-23-5932,97601 Hanson Drive,3097584822
Harriot,Batisse,823-23-1965,0 Brown Lane,2984657938
Dalli,Caven,389-48-6080,80 Main Court,9111842373
Karoly,Josskovitz,894-33-0901,87573 Farmco Crossing,4545793933
Rois,Lanmeid,536-79-5475,12879 Lindbergh Lane,5697092818
Lorine,Dubs,890-76-5546,80132 Northridge Road,6366606046
Hastings,Cornick,383-90-0963,38832 Pierstorff Road,1058441656
Jenilee,Heball,737-89-6195,9 Dottie Road,8679931574
Mada,Geindre,670-19-8683,637 Messerschmidt Drive,9511302485
Connie,Baude,252-38-8677,9 Ronald Regan Trail,9979471073
Cristabel,Landman,783-01-4080,761 Memorial Hill,6428152210
Esther,Spyvye,733-32-5800,04922 Magdeline Center,4128345809
Upton,Melhuish,560-48-3811,1 Village Green Crossing,3662804029
Katharyn,Keppie,516-97-1040,73 Farmco Center,7827122115
Adore,Plover,809-53-0071,2102 Heffernan Terrace,3304801731
Kelila,Whitehorne,311-99-0628,0 Hoffman Street,2509654672
Osbert,Barstow,350-16-2657,5 Londonderry Hill,9208311127
Glenn,Purkis,760-56-0935,96 Helena Lane,4931976356
Carena,Estoile,385-70-3248,45763 Bunker Hill Way,8405532973
Jone,Antley,343-89-2303,8 Lindbergh Trail,6735418435
Odell,Creenan,848-34-9286,31859 Rockefeller Drive,8888510074
Tannie,Mynard,108-54-2696,4532 Superior Junction,7947540031
Tucky,Mordey,495-21-3726,30 Chinook Court,2962905567
Barris,Vigors,407-39-9376,86736 3rd Crossing,1558870993
Patrizius,Pattie,189-01-8696,538 Aberg Pass,5836751832
Silas,Gorcke,128-99-4869,3083 2nd Junction,6431807070
Merv,Knappett,824-67-7500,23 Oakridge Pass,7216918299
Nev,Alasdair,285-94-2759,960 Starling Pass,2063720914
Bambi,Havercroft,432-12-0780,470 Oakridge Crossing,5903631427
Rodrique,Reimer,542-40-3907,2370 Northfield Trail,1495801072
Ingrim,Umpleby,335-13-3004,50 Brown Hill,9736696231
Morna,Beller,462-06-8941,22 Bonner Crossing,4635106977
Amelita,Kohrsen,307-03-8553,580 Anzinger Drive,3557738790
Barbara,Lies,386-66-8056,58 Pepper Wood Trail,4656070188
Elihu,Cranney,470-53-7993,5726 Esker Road,2017283739
Krystle,Overil,643-63-5810,9 Warrior Court,4377385243
Rod,Fallows,419-91-7498,2149 Cordelia Point,8252094111
Temple,Mattaser,426-04-8213,719 Lien Terrace,8183813171
Taffy,Lucas,437-36-9342,89 Garrison Junction,9911460899
Webster,Tenaunt,758-19-1367,97071 Derek Junction,9593425080
Park,Tyght,525-04-2126,95 Ramsey Crossing,2508725728
Chandler,Dies,698-07-3330,42570 Surrey Center,5461234730
Silvanus,Scaife,755-04-6201,9471 Macpherson Plaza,4923558706
Rosco,Lowseley,400-46-2884,35415 Haas Trail,8487512957
Jobye,Sharpin,609-62-7653,20 Marcy Road,5537996622
Emelita,Seago,567-95-6414,99377 Basil Trail,3015025385
Winny,Ainsbury,529-83-5726,46242 Crescent Oaks Trail,1159942218
Alphard,Kenningley,399-22-0596,5 Cherokee Trail,6005184059
Sigvard,Spadoni,723-71-3333,2 Londonderry Junction,9416229076
Geneva,Johnsson,481-93-8335,29471 Crowley Park,7143257126
Doll,Wimpenny,632-06-7419,7225 Graedel Center,6041523304
Con,Gadney,302-43-9207,557 Buell Junction,6656344692
Reinwald,Andreix,432-98-2048,5 Graedel Court,4958373098
Martica,Hammatt,742-72-8318,68 Eagle Crest Center,9098142235
Billie,O' Mulderrig,436-42-8265,499 Eastwood Way,1109924185
Gil,O' Meara,876-73-9167,82 Miller Pass,8469073648
Shepperd,MacPaike,799-23-8915,72329 Caliangt Pass,7944685358
Werner,Wimbury,737-71-8995,8411 Prentice Junction,2256496714
Elianore,Turfus,364-78-5358,11 Transport Drive,6862293681
Dulcinea,Suggate,286-32-7527,7888 Delaware Alley,4149022632
Amaleta,Fairhead,768-79-3091,44 Fremont Center,2568836678
Ezra,Dumini,633-46-3709,2 Carpenter Lane,1223960245
Demeter,Perago,189-60-5081,4 Dexter Plaza,6001885820
Feliks,Remon,866-63-6307,208 Commercial Lane,4533622208
Oralie,Palley,525-56-3348,71305 Paget Alley,3524438377
Parry,Gippes,477-07-5134,358 Portage Point,6288216299
Dilly,Chomiszewski,178-46-6422,1 Dapin Lane,9153431341
Ilka,Renad,553-34-8279,68911 Oak Street,5722111308
Lily,Angrove,269-77-1397,384 Towne Circle,3626167635
Siffre,Rosle,220-32-9381,5997 Morning Trail,6407038996
Cherri,Laborda,370-55-5627,7167 Dapin Alley,1302994098
Meridith,Tradewell,213-18-2590,7992 2nd Plaza,4518271264
Wolfy,Metrick,795-86-5613,81959 Ridgeview Park,6335007446
Boniface,Potapczuk,699-83-9445,9 Hudson Court,5194954601
Heidie,Tasker,369-10-1500,338 International Road,8464026084
Wylie,Lieber,142-70-6345,7061 Hanson Point,7873913237
Stavro,Skures,492-51-5979,4750 Granby Avenue,9568668146
Ethelred,Raund,212-51-7082,84043 Troy Parkway,4781608007
Edi,Baton,421-78-0289,08013 Heffernan Junction,7146701466
Curcio,Wormell,196-03-7084,1 Drewry Pass,3854490399
Royall,Matschek,813-26-1036,860 Delladonna Drive,8597147938
Leodora,Else,210-02-2195,69 Longview Point,9088479783
Kass,Sennett,776-62-9310,98748 Warner Hill,1159124433
Dalia,Reignard,426-68-2298,6950 Spenser Lane,4041069915
Hazel,Barrass,670-78-8313,32911 Northland Parkway,4134839225
Elyse,Whear,762-17-5969,62 Mendota Parkway,6938278313
Bobinette,Jeanel,667-07-4327,88408 Columbus Lane,4783618815
Vlad,Morena,303-52-1066,4014 Knutson Junction,8006819923
Keenan,Deehan,499-28-6917,7 Northwestern Terrace,4259944989
Ivory,Dudden,273-31-3375,936 Eastlawn Avenue,2174463701
Olenolin,Gwinn,555-64-5615,5750 Lien Drive,4075503056
Gran,Walsham,864-80-3974,25 Talmadge Park,2179272273
Auberta,Tansly,715-79-1190,31 Pawling Crossing,4484297894
Cinderella,Garfoot,585-54-0502,1 Northwestern Parkway,1892523241
Vanny,Keningham,633-90-1570,3425 Eagle Crest Trail,9612511323
Marten,Humphris,632-50-9920,1331 Hudson Parkway,7992439819
Michaelina,Fasset,465-25-8401,120 Sommers Avenue,6356181323
Chadwick,Defrain,716-88-9171,89 Green Junction,5439894126
Matthus,Nettleship,758-30-0097,1 Butternut Lane,6506754673
Syman,Koomar,582-37-8662,321 School Drive,5564207753
Ronnie,Zanutti,292-97-8548,0886 Pearson Plaza,2196349697
Ingeberg,Risen,747-40-2220,5 Old Shore Plaza,6992856381
Theodor,Roubay,842-37-2466,539 Scoville Hill,7785901066
Rourke,Casarini,376-69-4287,275 Dorton Parkway,7347791776
Demetrius,Fludder,295-02-2234,062 Donald Way,2934986425
Marshall,Faherty,619-06-6185,1725 Arapahoe Crossing,9923708374
Whitaker,Hurdman,221-56-6540,6 Portage Avenue,6483084380
Nicolis,Gaitone,147-01-9243,875 Pierstorff Way,7566637250
Martelle,Spears,729-84-3018,428 Morrow Pass,7814551602
Tiffi,Farlowe,363-26-7114,74 Forest Place,1685676446
Mahala,Cursons,786-69-2671,03278 Express Drive,9876343445
Gabbi,Dzenisenka,781-44-2232,649 Pennsylvania Circle,3356195145
Carlota,Bulter,396-71-9253,310 Bunker Hill Park,3317569075
Biddy,Mallord,715-98-6155,65332 Eastlawn Circle,5399940956
Eleni,McDowall,272-04-8233,09 Barby Trail,9424552630
Sarah,Tohill,145-45-4689,0 Mcbride Junction,6503696931
Grazia,Ablewhite,396-01-7696,100 Schlimgen Terrace,3092988532
Kat,Ritchman,339-93-1191,21 Merry Way,4657211861
Wendeline,Trayton,398-86-3208,50391 Hermina Trail,2651252401
Rose,Print,747-36-0001,1 Eastwood Hill,6963600286
Modestia,Ead,224-54-9500,2911 Grover Way,3074509886
Tabbie,Murrells,266-57-3495,4 Crest Line Crossing,8344354015
Steffane,Cardis,874-28-3036,5684 Southridge Park,8933102584
Nevin,Carradice,440-69-7029,63 Coolidge Alley,8221232185
Nikki,Rennebeck,474-32-5714,01879 4th Plaza,4627548596
Deana,Eminson,327-47-6667,04465 East Road,8204500732
Connie,Powney,593-77-2363,82096 Lien Court,6391142963
Charmion,Killiam,351-60-1270,58 Canary Alley,6401993333
Hilliary,Wolfinger,406-65-5318,530 Portage Center,9199655268
Emanuele,Josuweit,706-64-6899,74 Starling Place,2154938109
Aurilia,Giggie,197-57-6468,97878 Birchwood Point,6426363199
Yetty,Mart,506-27-1205,01528 Granby Pass,9397029176
Thane,Climar,327-61-4947,428 Stephen Avenue,1167952929
Nannie,Levee,215-81-0547,42597 Oneill Avenue,2943757266
Adolphe,Fidele,862-88-0400,9138 Columbus Court,6931322314
Hayes,Whitefoot,537-50-7837,0355 Doe Crossing Park,9286501468
Carolee,Gronav,180-85-1751,4 Granby Trail,6353362670
Kevyn,Delaney,277-06-3162,26318 Delladonna Park,1109533637
Toby,Silliman,874-03-5430,18 Center Road,3973322250
Velvet,Killner,515-51-7705,0874 Mockingbird Pass,1006563951
Ramonda,Pennicott,853-01-6129,42191 Utah Drive,2173303370
Gustavus,Brickstock,172-02-4080,890 Eagan Lane,8481816981
Rodger,O'Crowley,899-86-2091,092 Tony Street,1698897508
Riki,Hansard,655-07-3687,285 American Ash Drive,7322244356
Ellynn,Criple,529-44-9191,151 Hanson Hill,5798618731
Verine,Mesias,396-93-8322,1 Fieldstone Way,6097038352
Lazarus,Tyrwhitt,654-68-2962,70 Pepper Wood Pass,9489222564
Panchito,Attenbarrow,504-50-8214,778 Huxley Street,4619005810
Yale,Chaffer,565-59-5107,2 Boyd Avenue,7471068451
Ewan,Galea,581-48-9382,9 Porter Plaza,3114776366
Wallie,Trewin,422-26-2739,70359 Sunnyside Hill,5805200469
Aland,Aldhouse,506-66-9261,208 Muir Hill,2654658925
Allison,Pinney,606-16-0034,6 Longview Hill,1119115284
Brita,Lydiard,109-91-7200,5 Menomonie Crossing,2776785978
Halsey,Stanway,523-45-9694,7 Rowland Park,4919046534
Marcellus,Slyford,110-94-1048,8132 Waywood Way,5732396786
Claudetta,Thams,804-74-9291,24 Sunfield Point,3181455725
Nonie,Roussell,371-63-9385,175 Vidon Court,8539757585
Piper,Sidden,786-14-9513,96903 Corry Parkway,2707420885
Tiffani,Pizey,393-57-4074,79882 Elka Hill,2953283966
Durand,Faulconer,865-87-9519,74845 Declaration Pass,7376916349
Hamid,Merritt,801-93-1203,8134 Daystar Plaza,2661204991
Niki,Fettes,112-88-6769,86517 Florence Parkway,2717805871
Patty,Birney,716-84-3312,10367 Havey Lane,5598454992
Annmarie,Chaffin,565-24-1905,42354 Eastlawn Road,3509392843
Brant,Maro,195-28-6804,97875 Bluejay Avenue,2512880294
Geri,Knotte,713-87-1239,912 Fordem Drive,3485826280
Cecil,Sleicht,471-93-3477,2 Crowley Parkway,9095334750
Simona,Bea,683-82-3729,49318 Little Fleur Alley,4335986975
Fons,Januszewski,124-30-9574,5477 Arrowood Road,5114606553
Leon,Featherstonhaugh,138-76-4975,1 Delladonna Hill,1821721940
Rasia,Matuszewski,771-75-3030,9580 Boyd Court,7318527043
Dolorita,Moncrefe,745-72-9244,102 Bobwhite Crossing,4995602470
Tammie,Mapholm,485-86-1517,9 Vidon Parkway,8941761382
Jonell,Piele,344-92-9182,869 Division Street,5168829208
Berkley,Eastmond,383-49-5664,5 Parkside Avenue,2338613230
Rem,Aubrun,139-13-3241,60 Weeping Birch Parkway,7491766390
Carolina,Eynaud,337-74-2214,3 Bultman Park,6416804003
Elihu,McAnulty,228-86-6803,0 Mifflin Trail,4675249263
Vivianne,Hamsley,714-35-0192,3169 Westport Hill,4237802829
Donaugh,Badgers,577-12-9695,37742 Harbort Pass,7294707620
Wilmar,Loosemore,261-50-5440,1 Del Mar Hill,3687834428
Helaine,Dekeyser,839-55-1012,221 Granby Way,3558790155
Barrett,Mayell,433-56-1223,91 Donald Drive,6492339392
Jervis,Robottom,271-49-2060,916 Truax Terrace,7369515340
Dianemarie,Mustarde,490-26-3641,94306 Straubel Avenue,3574378320
Cammy,Staddon,876-74-0449,32 Rieder Junction,8644757660
Wang,Leyshon,135-77-4684,410 Golden Leaf Junction,6514392233
Porty,Mecco,374-34-0700,741 Chinook Plaza,6019813067
Jobyna,Ciccotto,493-22-5829,1 Main Circle,1524132794
Jillana,Crump,314-61-3393,988 Vermont Plaza,5463987613
Wit,Van Leijs,213-40-4556,358 Talisman Circle,3644329252
Cybill,Cokely,228-44-3630,7817 Steensland Lane,7695046409
Mufi,Kynder,776-67-4269,9 4th Hill,4132818640
Farrand,Pettiford,582-85-2121,5 Loeprich Place,7806763990
Rik,Letchmore,380-27-8839,93096 Mendota Plaza,9969337401
Adena,Sealey,355-46-8021,06372 Prairieview Point,6327984277
Saraann,McGuiness,738-61-8469,9 Tennessee Point,7912873751
Lennard,Shoebrook,304-46-7216,0 Shopko Lane,9049997422
Craig,Trail,341-13-9716,23 Rieder Junction,6113005015
Hewie,Kelby,861-79-8517,57 Mendota Drive,4507668837
Thekla,Hanmer,298-67-9620,35164 Vermont Road,6375617905
Rich,Burmaster,855-64-8178,06 Sutherland Terrace,7196399817
Kriste,Cantopher,200-22-1794,1 Hoffman Alley,5736439617
Roxine,Nutter,469-99-7672,6 Anniversary Pass,1596429633
Lanae,Koomar,520-37-0889,2 Butterfield Drive,1844070687
Reine,Filshin,423-67-9433,33 South Avenue,4606551688
Antonina,Grinin,340-72-3366,00 4th Court,3399740895
Hobey,Champneys,758-62-1024,347 Talmadge Circle,8379487522
Kelcie,Loade,123-73-1420,18770 Hallows Circle,1884886290
Lorant,Trinder,727-64-7390,67491 Sunnyside Court,2596566826
Joelle,Trail,507-78-6894,6 Bowman Court,9285004389
Beauregard,Tremelling,297-56-2379,653 Meadow Ridge Center,9578433204
Rochette,Strettell,868-51-1592,8 Cambridge Pass,2128280079
Brodie,Borgne,393-69-0883,883 Butternut Court,5811105848
Benny,Stribling,765-64-7363,1 American Ash Point,3699647918
Erek,Wash,711-43-4140,24101 Loftsgordon Avenue,1825501143
Gawain,Messam,168-37-5093,16729 Amoth Plaza,6409409684
Merry,Barbour,431-85-2726,2 Heath Drive,4506238881
Al,Grzelczyk,362-43-6396,0395 Basil Junction,1862854155
Whitney,Scarsbrook,101-22-4851,01940 Union Alley,3243333189
Janna,Dunstone,381-44-7051,835 Oxford Alley,5298965046
Josefina,Hazelden,519-83-0371,0 Almo Park,1141440939
Hildagarde,Shepstone,270-24-4804,1767 Homewood Circle,9337867659
Irving,Chichgar,224-68-0802,22514 Steensland Lane,4445724517
Leroi,Petrolli,863-93-0772,05 Esch Crossing,6786173248
Earlie,Eaglen,896-26-7276,3037 Havey Parkway,7002469804
Ferne,Dongles,639-68-1144,15928 Mosinee Trail,2456683258
Ronnie,Hof,166-45-4803,07742 Bashford Crossing,6028962353
Lee,Veschambes,643-98-9312,66 Dorton Point,2597631275
Carolyne,Phizacklea,143-14-8127,41755 Florence Lane,6266069516
Cordey,Landsberg,672-08-8329,85994 Bluejay Lane,1051543304
Sholom,Godrich,328-88-8538,1282 Steensland Street,4131078875
Martguerita,Matveiko,618-75-4203,330 Crownhardt Street,8911194117
Jacquelin,Jado,639-47-1313,79 Spenser Point,2649407658
Darrelle,Bril,872-64-8755,205 Ridgeview Trail,2201492087
Josi,MacDunlevy,750-82-1570,84 Stoughton Avenue,9936573082
Herminia,Ziemecki,375-59-0891,28589 Independence Lane,7242205711
Wylie,Tregensoe,714-91-0962,10 Bashford Lane,8259826887
Lothario,Saffill,700-26-4457,06303 Lillian Plaza,1477531689
Sidnee,Waterfall,217-37-0214,17 Mayer Point,1925581237
Ardenia,Oager,709-56-6221,7736 Tennessee Place,6987595469
Kaitlin,Havis,651-07-3623,31745 Butterfield Terrace,3235823735
Eliza,McCollum,512-97-2427,94959 Thompson Circle,9948881799
Bessie,Hattiff,167-98-4672,46 Oak Court,7142963189
Haskell,Itzkovici,531-86-7149,9 Center Pass,1132196075
Pate,Studart,686-12-7381,2218 Nevada Hill,2061684895
Julita,Gadman,213-47-1144,99 Del Mar Road,1475191708
Daniella,Guerrieri,422-76-2620,52 Manley Lane,6414294053
Birgitta,Cresar,327-31-3264,325 Merry Place,3007818775
Agnola,Shearstone,102-15-3671,7 Summit Hill,2221499016
Bailie,Chamberlen,581-29-5619,0 Mcbride Plaza,2773100574
Vladamir,Shawdforth,151-81-5759,4 Sullivan Way,8021738102
Perry,Rangall,636-80-1372,6995 Packers Road,7474184552
Sheba,Flaonier,817-31-9663,0231 Debs Way,6396593878
Alfy,Budik,234-93-4482,49335 Sundown Road,4548875632
Alysa,Orsay,669-71-6626,64779 Drewry Park,6187547344
Sybille,Veart,578-52-2365,86769 Reinke Crossing,7478415439
Ricky,Beverstock,822-67-4812,5 Ridge Oak Drive,6532807880
Geno,Charnick,253-98-7620,79 Arizona Parkway,6214555845
Vincent,Klaaassen,597-99-0523,40 Grim Circle,8716571229
Denni,Barbour,740-73-2898,0760 Dorton Alley,4662844737
Ivett,Coop,198-60-3680,7808 Dexter Parkway,7721495821
Osborn,Natt,426-21-2145,62 Fisk Street,8484837455
Dewie,Rilings,622-23-9020,5 Bartillon Point,2458998832
Thatch,Preator,474-98-8989,98821 Orin Junction,1115609863
Angeline,Karolewski,790-23-8978,0262 Oneill Park,1118328020
Shoshanna,Hardiman,557-33-0536,6288 Nancy Junction,3345372039
Barnett,Pratton,282-87-8062,43 Ronald Regan Terrace,5296708045
Nial,Stilldale,890-73-5903,416 Moose Parkway,3353996421
Josie,Ciccotto,233-16-0326,4791 Bay Trail,2255360861
Demetrius,Wyeld,219-13-9590,93 Clemons Street,3705634578
Kelwin,Webling,576-18-2731,80950 Shoshone Avenue,7947901050
Juliana,Pomfret,837-61-5518,561 4th Crossing,5424741158
Milo,Diglin,322-82-8522,4 American Circle,7162803887
Misti,Aristide,361-98-7431,881 Sullivan Hill,5494473822
Dionne,McIntee,364-47-1624,3538 Pond Terrace,8026818265
Aldric,Ginie,199-84-2719,3029 Dryden Plaza,8568263474
Demetris,Sappy,800-10-4864,70266 Sullivan Terrace,5004696974
Manolo,Jillett,486-53-7581,1530 Prairieview Street,7995158602
Horatio,Elders,341-55-7525,6 Sycamore Place,6784026678
Delly,Beric,869-88-0497,9 Alpine Point,4169586868
Catherin,Camilleri,414-16-1852,1 Fair Oaks Pass,8132785258
Flo,Adshead,657-08-2487,33 Shopko Road,9255899067
Joey,Meriguet,547-64-0009,8398 Westerfield Drive,1909606316
Carlin,Clixby,253-19-0465,35942 Fallview Point,6176047441
Rubetta,Wedlake,425-58-6959,8 Clarendon Road,2607207222
Rhys,De Winton,334-55-2557,510 Wayridge Hill,9719457205
Alisun,Titchener,395-76-0457,7598 Merchant Place,2774651292
Mia,Holtham,415-13-3691,35 Vera Center,3789149231
Chantal,Polglase,644-31-9469,9927 Prentice Parkway,8853371010
Cathryn,Weighell,723-23-0413,536 Bluejay Way,6116914721
Tarah,McRorie,897-68-2298,6561 Cardinal Hill,9589131062
Lorianne,Pinard,147-42-6107,896 Homewood Center,4629662794
Marcie,Flaxon,200-09-9527,5233 Stone Corner Drive,5605190662
Blisse,Robberts,311-50-7635,68548 Lakeland Park,5776510313
Arie,Cayser,337-98-1407,558 Havey Lane,3782909962
Dione,Bysshe,503-26-2151,16 Forest Dale Hill,5084635242
Leola,Hasty,606-52-2782,5846 Fordem Alley,7267288246
Tyler,Gimeno,421-32-0017,65 Logan Junction,5183364617
Thalia,Archibold,189-15-4425,51 Waxwing Drive,5669195268
Retha,Elbourne,733-60-3750,6 Ohio Circle,7567634865
Noak,Pack,756-10-2848,259 Roth Trail,7908600106
Betti,Waison,313-45-9692,77 Talmadge Place,4141036959
Hatty,Dine-Hart,568-10-6517,3019 Aberg Lane,7132867932
Loree,Trahar,237-82-3693,1162 Oneill Road,5429409820
Amitie,Howson,387-79-8599,370 Mallard Place,3122575136
Nelie,Ruit,109-85-6636,6469 Brown Way,7834172799
Clarabelle,Jacquemy,664-36-3411,6 Schurz Avenue,6855016418
Luis,Cahillane,310-42-3738,4716 Kipling Alley,5173999563
Stoddard,Osbiston,837-63-7227,75 Ruskin Lane,2593849655
Jena,Broune,339-41-0857,468 Gina Hill,8824420499
Wayland,Androli,651-46-7403,3 Rieder Hill,5428155344
Charlotta,Rainford,466-27-9035,67453 Dayton Pass,5662922667
Niccolo,Wieprecht,566-42-2061,92890 Logan Crossing,2391704869
Reese,Anear,425-77-0833,30 Myrtle Avenue,2146683663
Ruprecht,Jankin,291-21-5317,46438 Fisk Pass,9263765168
Elyse,Baxandall,821-75-4284,5 Meadow Vale Circle,6056606035
Edythe,Guidi,258-16-5938,713 Huxley Terrace,7609419063
Florinda,Catonnet,554-53-2925,1419 American Way,9001430014
Mady,Vell,302-90-3680,57847 Novick Parkway,8969390367
Glennis,Gavrieli,845-68-5140,0615 Clyde Gallagher Drive,7896414247
Zea,Lewnden,360-55-3815,59 Hallows Way,8533597891
Candice,Jockle,898-38-9051,7951 Autumn Leaf Park,8674741317
Stella,Staton,509-32-1810,677 Ludington Road,5562392009
Jeffie,Conti,133-20-3660,6490 Dexter Junction,3136484527
Giuditta,Coleby,628-13-6611,9 Prentice Lane,6439803993
Harmon,McGregor,229-68-2913,9 Dorton Parkway,1679693639
Scotti,Moodie,266-31-5975,8 Wayridge Center,7062868921
Tabatha,Muddle,612-79-8439,2052 Morrow Plaza,8675050501
Nial,Pottberry,778-05-0376,1 Harper Terrace,5711470724
Feodora,Dayley,215-20-9147,1210 Commercial Drive,6602046513
Tris,Jansson,579-34-9329,41 Red Cloud Pass,3344061820
Wren,Grunnell,698-81-4027,22 Sage Court,4729921945
Vivianne,Padden,480-44-5634,2 Dovetail Circle,5988330304
Kathryn,Nansom,306-80-2831,5 Cambridge Lane,3299947023
Bradford,Baline,673-82-3707,2 Farragut Circle,4666347445
Alley,Dowrey,194-22-1705,495 Prairieview Park,5036383118
Leshia,Piletic,173-75-3292,0573 Westend Road,5408498240
Chrissy,Groger,610-48-5702,95193 Laurel Lane,5449392726
Bibby,Thornally,213-73-5293,65248 Center Alley,9822670347
Allys,Breckwell,405-75-3948,74798 Bay Court,9155770219
Jorge,Brittain,449-35-4430,877 Clove Park,6353971153
Gian,Matyushenko,738-87-3675,92 Eastlawn Point,6155845089
Abagael,Di Antonio,869-54-7585,58 High Crossing Terrace,7088902231
Gerardo,Ors,762-26-3719,44591 Cambridge Alley,8719731097
Krishnah,Warsap,558-85-3131,78 Pearson Center,9621840942
Lotti,Brims,548-94-5813,37448 Quincy Park,8395773613
Turner,Garlicke,589-83-1680,748 Annamark Parkway,7602923261
Fidelia,Creedland,506-09-5749,59017 Jackson Place,3629341707
Shaun,Aynsley,722-17-1806,15284 Morning Pass,9727860183
Hubert,Piddington,383-75-7697,3 Summer Ridge Parkway,3718786065
Winonah,Howey,231-73-4147,9830 Sage Way,5379914170
Dorrie,Dallicott,388-16-2584,89153 Packers Pass,3395514478
Kristina,McCurlye,315-91-0215,10706 Dwight Court,3481099198
Horacio,Beard,101-49-8229,91 Hayes Place,5647228603
Fairfax,Duckett,432-46-0799,36 Fordem Junction,9188674762
Robin,Sergeaunt,586-15-4738,31179 Di Loreto Junction,3734851713
Mersey,Oliveira,188-63-6997,1537 Melby Avenue,4321936414
Charmion,Skerritt,826-21-3820,7701 Barby Junction,8997998455
Tedra,Hollingdale,278-57-8549,49816 Butterfield Park,6509449247
Farleigh,Haldane,863-94-5598,969 Veith Circle,6011835279
Melantha,Deverall,485-85-1304,50 Prairie Rose Place,2713097491
Ellie,Sayle,729-67-7921,306 Ilene Trail,3235570794
Shirleen,Morsom,674-87-1180,38 New Castle Trail,4107938177
Bidget,Anfosso,494-33-2673,7185 Brown Hill,6911997704
Wadsworth,Dainty,308-30-4982,6090 Main Trail,1784468366
Pansie,Peterken,665-32-9203,44 Meadow Valley Plaza,1314466195
Evered,Edwardes,408-32-7649,5 Fordem Circle,9096656389
Esmaria,McKenney,891-77-2599,73 Anthes Lane,5046383827
Rebecka,Leadstone,779-62-9444,582 Kingsford Court,9649424812
Harriett,Breedy,878-94-9004,79646 Golf View Crossing,7678189659
Haroun,Chessman,868-21-6985,13676 Canary Avenue,4002535670
Zulema,Carlow,297-19-3092,06686 5th Crossing,6901321291
Craig,Duerden,414-05-1972,1546 Hermina Circle,1559843605
Alena,Minero,838-99-8505,204 Fairfield Lane,8714027164
Erma,Pinkstone,531-34-3081,69 Summerview Court,6086247487
Scarface,Warman,455-95-7417,67270 International Pass,4421734874
Pepita,Jurgensen,187-02-7272,19 Glendale Crossing,1476797592
Eunice,Portchmouth,162-40-4008,43 Ohio Plaza,8082432018
Randa,Meach,127-25-0732,8 American Ash Alley,4452566570
Hieronymus,Morsey,498-54-6541,5266 Starling Junction,9822743414
Alfonse,Mattimoe,623-51-1076,139 Upham Plaza,1179568340
Karlene,Mercey,755-45-5314,7 Dapin Street,5421959162
Gery,Cafferky,765-93-9357,0 Fulton Way,7134997755
Findley,Boultwood,401-15-7310,5 Rieder Avenue,4708503658
North,Cockling,240-34-2651,7669 Scofield Pass,6584088304
Wainwright,Berry,125-94-2329,5 Saint Paul Point,2971743687
Louis,Viegas,358-86-8147,01813 Messerschmidt Place,8713869699
Konstantin,Skett,567-52-3896,1 Orin Park,5432955712
Cammi,Rabjohns,735-07-2226,14 Clove Park,7945710656
Graham,Wloch,568-87-3770,8 Sugar Parkway,9427194926
Rayner,Govinlock,485-49-2526,2 Heath Court,8777388241
Vonnie,Thatcham,354-36-6013,050 Bay Park,8621838262
Mallory,Aberdein,108-83-4880,0 Service Lane,8736905999
Donetta,Bendon,713-59-8310,7398 Ilene Trail,8237564666
Demetre,Deniskevich,256-51-0314,6123 Karstens Terrace,5396454511
Alisander,Vannar,829-62-9921,13558 Center Center,8256723704
Angelia,Matushenko,370-74-2530,3 David Terrace,3364862516
Eugenia,Tomasini,775-88-4528,35132 Bunker Hill Circle,5672556176
Cinnamon,McTurk,840-66-1326,2 Bowman Alley,3641983429
Gordon,Kidner,327-16-4832,27718 Prairie Rose Hill,1361973400
Dee dee,Greenhowe,748-69-2144,14360 Elmside Avenue,8821424767
Chevalier,Chopy,640-30-1976,36 Delladonna Hill,4889250854
Ruprecht,McElvogue,184-28-2961,8 Bellgrove Road,9313206707
Jaclyn,Panton,553-06-4474,63 Thierer Point,2053370645
Cord,Oxton,636-12-8268,1693 Barby Street,1738351450
Valenka,Yuryaev,172-13-1143,5561 Morrow Hill,6955243507
Sascha,Gutherson,241-80-4375,24548 Prentice Crossing,6236986213
Carrol,Muzzi,455-51-2128,89 Parkside Drive,9108214748
Mayer,Verdy,485-38-8829,6995 Arizona Pass,6142242471
Kenton,McEwen,378-60-7316,1708 Marcy Terrace,7068267239
Abey,Flounders,315-98-9588,808 Briar Crest Road,5465561064
Sibyl,Levecque,733-46-8744,94 Porter Alley,3874896863
Cullan,Hedworth,358-20-4506,15 Reindahl Place,7217348551
Eustace,Ludovici,754-88-4986,5 Sugar Circle,2998627885
Margaret,Caldera,688-36-3330,3 Debra Hill,6879173217
Morris,Haxell,110-79-4107,4 Stuart Point,4989929518
Patrica,Langelaan,830-24-4400,549 Farwell Circle,3176119517
Stevana,Pretty,770-98-3665,47147 Emmet Point,1339257042
Essy,Fergusson,265-15-6591,80 Cascade Avenue,2576939144
Sena,Hexam,115-25-2011,92 Claremont Drive,6131719697
Shane,Cooksey,521-24-0982,8814 Golf View Way,7721662563
Audrey,Birkin,147-94-5379,4254 Dixon Drive,5021152305
Edithe,Moggach,806-24-4773,49514 Texas Avenue,9833479652
Magdalen,Claire,871-29-7118,09 Crescent Oaks Crossing,3485209015
Evonne,Petel,768-80-4616,644 Hudson Trail,3768449077
Benetta,Seys,570-36-9908,790 Golf View Pass,5453574994
Bernardo,Darrach,631-39-1135,5927 Summer Ridge Hill,5039181570
Dore,Webb-Bowen,179-95-4476,472 Melvin Place,2888536717
Ingunna,Demonge,120-69-7034,679 Melby Court,7177846435
Sherill,Elman,338-89-7478,299 Dunning Hill,9681566206
Powell,Cullin,462-67-3618,192 International Plaza,2174871818
Julia,De Pietri,796-24-9348,51 Monument Hill,4048318783
Wandie,Beldam,414-32-3313,657 Sunbrook Alley,2584253993
Laurel,Grishakov,601-95-2532,6853 Clove Crossing,2507674389
Bearnard,Gleadhell,692-81-3146,01 Gale Hill,8342890969
Pennie,Shipston,509-75-0408,6 Huxley Point,4673258724
Kary,Cumes,172-91-2922,5181 Grayhawk Plaza,3975601685
Lindsey,Handling,884-44-1640,444 Corscot Road,8208391816
Kerry,Figgen,407-12-5668,060 Linden Pass,6955884433
Christy,Butler,457-65-9845,1 Eliot Park,9304242572
Kylila,Waine,351-63-0055,13533 New Castle Court,4002223325
Roderigo,Pescod,215-34-5926,59 Blue Bill Park Way,3677613484
Montgomery,Quinn,138-16-5659,398 Monument Center,3153557098
Lurette,Tousy,719-31-5478,494 Bashford Plaza,4757947849
Alyosha,Poacher,282-63-9164,4 Commercial Alley,1566029456
Allis,Phython,444-45-5569,6 Village Crossing,3986094112
Ginger,Blacktin,196-06-4634,20 Debra Point,1213206564
Bobbi,Keeling,336-59-9404,062 Iowa Circle,2267777429
Keriann,Berthel,504-94-2727,7 Cordelia Plaza,3589547974
Deni,Cleever,798-47-0271,510 Dakota Hill,1197386693
Hyacinthie,Fleisch,455-25-1774,13650 Riverside Drive,1537106847
Idell,Boichat,161-66-4747,8 Moulton Drive,4491963879
Trista,Christoffels,818-05-7483,71456 Miller Court,6138029535
Nate,Mowson,188-62-5407,377 Sundown Street,2372657881
Ardelis,Stilling,404-41-6557,02 Northwestern Hill,1933641726
Norina,Christol,510-29-2148,48314 Haas Avenue,6232804538
Abagael,Pyford,899-38-9155,04 Katie Pass,3467184908
Bab,Dorkens,787-83-5324,6 Sullivan Point,7979925735
Edee,Stinton,796-18-2602,22919 Darwin Lane,7417759857
Kenneth,Geraudel,725-35-4289,774 Mallory Circle,3173018731
Tootsie,Dreigher,489-26-3503,42300 Marquette Crossing,7422959898
Kris,Richardes,474-14-9954,03694 Manitowish Place,1034932416
Brandice,Mully,350-94-7251,9160 Little Fleur Terrace,9508963954
Bartlett,Pedreschi,778-19-9533,25962 Bayside Point,6185481564
Melisandra,Chartre,632-05-0727,34 Portage Lane,3617735166
Evanne,Dutteridge,896-93-0449,9631 Corscot Junction,5552796454
Albert,Corwin,441-62-1031,0745 Maywood Terrace,2653821748
Natalie,Cosin,125-76-4905,5 Bellgrove Lane,3085163991
Nikolai,Darter,505-23-0053,3995 Fordem Parkway,8606755810
Nero,Tapenden,394-30-5913,7625 Westend Court,9007550681
Davey,Wimpeney,117-60-8473,71 Judy Parkway,9307627172
Dalis,Hawler,420-88-0830,27 Del Mar Point,9578066890
Clifford,Guthrie,514-91-1141,588 Darwin Road,3595740410
Georgie,Oliveira,601-52-3577,40579 Hintze Plaza,9241962689
Catherine,Ashborn,336-79-2862,395 Bluejay Road,5874195707
Lorraine,Oake,723-46-4542,11 Kim Alley,2123468807
Brenden,Damrel,345-05-9946,379 Troy Center,1671442501
Pate,Posvner,407-96-0692,48132 Bobwhite Pass,8021701557
Marguerite,Hancill,695-65-8558,43129 Northfield Trail,9368237537
Carter,Chalke,599-61-0854,73 Twin Pines Alley,9668557456
Othilia,Tinman,721-90-0708,90846 Oakridge Street,2805987753
Waylin,Canadas,737-47-4262,4128 Spaight Hill,4728667082
Farrel,Giacopazzi,714-81-8154,9563 Main Hill,4676525057
Seana,Jepson,628-95-0810,3 New Castle Crossing,2962381154
Hastings,Ebbetts,478-25-5957,3107 Darwin Court,1664594047
Jaimie,Glidder,150-76-7658,8620 Longview Parkway,6104752816
Eddie,Hordle,725-23-2005,261 Old Shore Crossing,7227726205
Anet,Ludgate,782-64-2376,3 Maryland Place,1521145090
Pepito,Stanlike,587-15-3600,112 Jenna Way,8515215560
Artur,Knottley,287-34-0815,0091 Jay Pass,9117044781
Riannon,Wims,485-63-3046,48227 Crownhardt Place,1263071011
Sallie,Normanvell,523-80-7609,179 Elka Alley,6342574291
Tonie,Tillyer,622-02-5873,85932 Grayhawk Court,8157331737
Leslie,Aistrop,504-36-2945,83 Merchant Trail,3226788394
Isidro,Mc Kellen,655-64-2683,64414 Beilfuss Parkway,6976221973
Granthem,Iorizzi,731-66-6925,43 Muir Junction,3168362732
Patience,Rodders,869-94-8152,12 Harper Hill,5347743430
Rey,Sogg,523-19-3349,52 Amoth Crossing,4075149295
Binny,Benardeau,831-88-7172,5157 Clarendon Lane,9088547470
Arabelle,Decent,678-87-6294,5438 Towne Lane,9635077521
Burke,Feltoe,370-56-2700,3 Boyd Avenue,9362740658
Drake,Drust,437-92-3034,306 Declaration Lane,7286679928
Kerri,Rudolph,693-99-7059,50428 West Plaza,9269872416
Ced,Gilchrest,650-44-1123,1 Bellgrove Street,7817793306
Tresa,McNeillie,142-67-5335,710 Dottie Avenue,9488684487
Gabe,Culp,438-88-5542,704 Portage Pass,6208746837
Gabie,Poulglais,578-59-5011,58545 Vidon Center,7402427317
Jareb,Gauson,867-08-0016,3938 Havey Junction,6959911786
Ellene,BoHlingolsen,730-47-2591,9904 Swallow Alley,9244400396
Lurleen,Toffts,256-23-2366,759 Sachs Pass,8855936887
Giraud,Steabler,187-99-5415,51 Monica Terrace,2991273207
Zachary,Nunnery,752-33-0500,890 Sullivan Place,8588714295
Karlyn,Kinnier,735-97-9875,43744 Spaight Court,4992952164
Cordelie,Bursnell,893-04-0409,6 Johnson Terrace,6496749429
Idalia,De Bellis,172-12-0692,10 Esker Circle,6612487702
Valentia,Hassin,153-25-1249,337 Atwood Plaza,4985759629
Berna,Bounde,148-79-2439,29 Manley Plaza,4976822983
Pincas,Whitelaw,260-17-7976,065 Maple Wood Hill,6979211260
Selby,Parsisson,574-17-6296,4339 Comanche Point,3234390834
Annabella,Rudyard,459-18-8717,163 Pine View Drive,8217978811
Emmalyn,Rentz,537-50-9636,4175 Surrey Way,4755468566
Job,Masdon,439-23-2461,8 Kings Terrace,8837315642
Muhammad,Tubby,290-56-4246,8 East Point,6526772880
Ariadne,Garrould,595-20-6143,504 Pankratz Park,9105850033
Banky,Riggoll,822-63-1906,2 Vidon Road,4892975727
Augustina,Sondland,632-24-2186,0589 Pawling Terrace,9464510325
Suki,Johnikin,300-98-1090,6 Gateway Road,9824878792
Kendell,Nesfield,232-01-2743,18598 Manley Point,7093697358
Andros,Keggin,793-78-2648,69239 Bartelt Road,3938970060
Vilma,Hazell,129-92-4141,002 Meadow Valley Street,7169166297
Allyce,Skippings,585-31-7521,193 7th Court,4099787976
Winni,Janacek,202-68-6503,8443 Pawling Street,9813510828
Ephrayim,Myrie,304-61-3041,8 2nd Court,8287779516
Jehanna,Deschelle,839-12-3911,81167 4th Trail,2336278053
Adriana,Cordobes,269-50-5472,72 Mccormick Pass,6646516345
Ebeneser,McMenamin,287-95-4876,58 Kinsman Park,4509474057
Keelia,Matieu,388-34-8305,3 Eastwood Circle,1375334703
Bing,Millen,502-87-8312,370 Birchwood Lane,2314444520
Ulrica,Tees,448-85-9810,2 Eastlawn Crossing,1293195685
Mattie,Borrow,624-98-7176,4 Lotheville Lane,8609593061
Elberta,Dendle,418-41-8330,0477 Scoville Alley,7121774141
Lisa,Oseman,628-24-4874,0 Bashford Pass,1729207250
Philis,Aleksidze,419-43-4062,7431 Gerald Parkway,6801616235
Ambrosi,Hasell,839-08-5021,03166 Milwaukee Drive,4618305795
Broderic,MacGee,297-71-2335,57 Northport Avenue,3539496135
Ahmed,Gendrich,872-82-4114,8 Oriole Hill,7912289218
Lenette,Castillon,342-70-0524,96920 Schiller Parkway,6501997376
Laurent,Ratlee,572-96-7994,37428 Havey Pass,9586821196
Marianna,Amos,590-72-7172,6279 Rowland Road,4613780103
Zelda,Wollen,290-23-9522,9 Forest Run Alley,6248091959
Kelley,Veillard,732-43-2514,20 Forest Run Trail,4058686104
Dalt,Netting,156-61-8855,220 Atwood Avenue,1602913502
Georas,Maylott,369-74-8134,712 Manley Center,9427320020
Ruthe,MacCaghan,457-75-2046,855 Beilfuss Court,4088552257
Malanie,Blucher,518-97-6768,27607 Ridge Oak Court,8647704144
Pauly,Pennington,815-33-4580,348 Waubesa Court,8295398631
Jeannine,Groger,847-59-3113,79 Knutson Road,5344020324
Oneida,Cargen,690-91-0678,78288 Autumn Leaf Street,2438820103
Christiana,Moodie,656-85-5389,82715 Katie Circle,5412103791
Danell,Burker,685-09-1380,951 Tennessee Lane,4196759836
Phylys,Healy,531-46-1285,18 Hoard Park,8124084172
Merrill,Moreside,686-50-6896,84485 Judy Plaza,5148352471
Rossy,Landrean,294-19-4928,15 Eagan Plaza,3416584815
Sosanna,McSaul,326-37-6425,6 Manley Point,7937018461
Amara,Pilsworth,795-29-4498,436 Dryden Lane,4633057102
Cate,Bolderstone,518-19-1754,1 Gateway Avenue,1024372757
Ruddie,Calder,796-91-5074,6 Victoria Plaza,9462407709
Broderic,Hubbis,517-85-1881,461 Morning Terrace,5079908779
Benedicto,Fossitt,630-10-6219,66 Ohio Pass,1391810185
Linnea,Denford,787-22-3298,380 Armistice Park,5274240664
Griffy,Eytel,152-78-1349,4 South Parkway,7158963391
Cybill,Camplejohn,118-75-0242,3684 Stoughton Plaza,9154387620
Wayland,Kleint,134-87-0507,79 Mockingbird Road,3349089551
Ramsay,Dudbridge,775-35-4525,56695 Thompson Drive,5348656881
Gus,Dandy,813-61-8553,810 Prairie Rose Trail,7861926517
Rufe,Barnwille,543-31-1810,34482 Prairieview Junction,4053625415
Fonsie,Niland,713-52-9340,44829 Schmedeman Court,1994722793
Lark,Jessel,387-92-1426,855 Carpenter Road,8171414516
Jess,Luby,452-43-0184,88302 Sutherland Terrace,7715805760
Kacey,Monnery,346-20-6457,223 Bartillon Junction,5613759010
Jasun,Bleas,281-35-8294,87881 Sloan Terrace,8834944683
Harlan,Beavington,869-97-7065,9054 4th Crossing,5848810012
Willi,Clyant,453-92-8198,043 Loeprich Circle,6955034949
Billye,McSorley,753-81-0625,2398 Union Hill,1351042688
Dore,Dyshart,830-93-5660,22 Eagan Drive,6425198520
Denna,Jenkison,854-61-5790,8518 Main Trail,3974891620
Junie,Leward,201-43-8594,776 Glacier Hill Avenue,8571785712
Reuven,Morrieson,493-38-5708,6 Pankratz Drive,1757752390
Sharai,Tremble,273-12-4188,7 Mandrake Trail,1818473279
Milty,Pappin,838-30-0099,49743 Pine View Center,9245700492
Cristin,January,819-66-8039,47202 Havey Lane,4373492991
Rodolfo,Malthus,145-52-9423,5963 Ridgeview Court,9276361738
Rosella,Blore,747-83-3302,92543 Vera Court,5331943539
Ryon,Bleazard,877-88-6052,4 Pleasure Lane,5823672163
Christian,Sawnwy,316-67-3302,2138 Bonner Place,8707827720
Bran,Ditts,238-73-9606,50 Crescent Oaks Road,2935394055
Dinah,Lilly,682-88-3489,37 Express Plaza,9961731766
Vivyan,Belchambers,535-91-4038,1 Nova Pass,2639635868
Ulric,Hoff,697-30-1408,1 Carey Hill,3088514819
Arni,Plait,112-86-2473,58898 Bartillon Way,7059598335
Jasen,Danielut,716-45-0735,63 Arizona Place,5724411766
Pearline,Bullivant,170-01-2574,160 Mariners Cove Drive,3495410510
Mikey,Tropman,787-45-4082,560 Cherokee Point,8258439096
Frayda,Kynd,246-55-3895,0 Cody Way,9098235491
Zea,Addeycott,213-01-6574,53950 Hansons Place,3343663465
Malinda,Volcker,501-87-1034,63201 Thackeray Park,7209008727
Genna,Athy,760-12-5225,6835 Maple Wood Alley,3573289403
Annmaria,Belfitt,463-53-2724,5 East Point,7299217591
Zacharias,Douris,444-67-9593,1 Shasta Parkway,2675448453
Eugine,Youtead,515-62-7429,369 Old Gate Pass,1003429331
Rhys,Kharchinski,339-89-6005,4 Havey Park,5382901135
Kelbee,Janouch,460-37-7022,14915 Eliot Trail,1334718407
Carlos,Selwood,255-44-8616,240 Anhalt Pass,4031701954
Mignonne,Lewknor,476-10-0688,1 Chive Crossing,5712057606
Ania,Leyband,855-85-6568,955 Park Meadow Avenue,1602863729
Berty,Mardee,607-92-1866,6 Arapahoe Alley,9127338852
Jorry,Towse,325-60-2341,47056 Petterle Alley,6832074009
Tristan,Jerrold,821-82-6473,94526 Bobwhite Park,1452316036
Gus,Szymanski,556-53-1136,56 Marcy Parkway,1079141514
Nissa,Scranney,717-95-0315,11859 Hoepker Trail,9765489140
Mozelle,Erb,786-36-7530,129 Clarendon Point,5152305205
Charmaine,Melloi,452-16-3745,5380 Mariners Cove Crossing,7854509577
Sherry,Enrich,261-03-1801,2 Oak Terrace,2248507179
Dolores,Grishmanov,186-58-9782,5 Straubel Circle,4282663179
Ceciley,Champney,117-13-9080,7 Cardinal Avenue,7472923335
Margo,Buxsy,400-10-2443,835 Lighthouse Bay Drive,6512801556
Blancha,Alton,158-95-1836,547 Bartillon Terrace,8903578631
Christopher,Ney,413-34-0635,00 Jay Junction,2324286598
Kylila,Delgardo,154-36-8789,562 Roxbury Street,5358487852
Celka,Van Ross,358-26-1414,7656 Arapahoe Terrace,6234688197
Marlo,Bosch,137-22-0526,501 Doe Crossing Parkway,2864596592
Carine,Meo,514-62-4338,308 Grover Place,6839256314
Vail,Reape,246-23-1865,1562 Anhalt Lane,8199631325
Merralee,Lathaye,883-03-8522,878 Division Junction,2187027176
Tymothy,Sherborne,255-57-5899,3311 Farragut Pass,5316834702
Pat,Dun,455-77-3720,41538 Lake View Road,6528336920
Zaccaria,Milmo,109-52-2838,7 Melody Street,6991127362
Gerty,Gamwell,402-09-1124,2736 Hoepker Street,9646050192
Paola,Tainton,656-08-9564,49581 Kensington Avenue,2408847500
Deni,Gearty,792-36-3675,36 Clemons Parkway,8407148389
Shanda,Peachment,516-79-0401,17107 Esch Alley,6946417769
Homerus,Flacknoe,649-60-4897,69772 Claremont Street,2823408688
Calley,MacDirmid,897-57-6139,21 Havey Lane,5801457975
Gypsy,Bodell,183-80-4775,94965 Brentwood Road,1017059885
Chelsae,Christauffour,359-19-5505,60824 Darwin Junction,8602348503
Gino,Stubbert,786-02-9749,786 Lawn Plaza,2103043864
Marven,Nelsey,845-73-0530,192 Maryland Road,1316796904
Shurwood,Nutley,237-76-9433,9933 Northridge Park,5847878589
Vanni,Marsters,472-72-1099,65 Upham Hill,3824827727
Alberik,Reilly,100-18-8869,76603 Scott Center,2452036501
Brunhilda,Woodrow,389-66-8424,0802 Continental Plaza,7399835800
Osbourne,Brader,812-67-5717,73 Columbus Plaza,9889342008
Haze,Livett,420-20-0155,07 Homewood Alley,3031749487
Shannan,Milborn,439-81-4097,5771 Haas Park,6992027279
Shena,Wetton,709-28-3398,6 Marcy Point,6639900468
Monique,Orriss,284-63-5065,259 Menomonie Hill,3986603019
Free,Fredi,274-26-2999,1 Express Center,5331821140
Theobald,Bernardos,120-64-5812,170 Service Alley,4645427572
Brigida,Eades,737-69-6178,61986 1st Avenue,7246177053
Clerc,Annakin,500-19-6655,7 Meadow Ridge Circle,6337737957
Giustino,Grenshields,612-12-9930,9384 Lakeland Center,9352539704
Arvie,Coward,373-23-1703,48 Sunbrook Circle,6613113036
Averill,Oles,412-84-6052,9431 Truax Pass,4482014018
Flossy,Mallaby,237-53-5214,561 Caliangt Point,3237080122
Jens,McDiarmid,850-79-3574,258 Fallview Plaza,7849578454
Petr,Cleiment,284-60-7825,121 Northfield Court,4574995530
Urban,Haet,182-05-1446,47 High Crossing Lane,6466687821
Filberto,Piddletown,533-71-8701,11499 Maywood Center,4888607192
Hyacinthe,Hannibal,435-62-7721,69 Iowa Avenue,1268031085
Morrie,Edes,206-88-8132,03 Bultman Center,6192963195
Nichole,Ricard,590-71-0640,73042 Nevada Street,2939316646
Perren,Cashman,840-41-2882,3 Summer Ridge Circle,1876557675
Xylia,Beecheno,817-35-1892,83 Rutledge Drive,2456717870
Vivyanne,Jukubczak,683-25-0209,24 Comanche Trail,1611558844
Noak,Tames,111-47-9973,9780 Di Loreto Circle,3597032025
Camilla,Pautot,210-91-3373,7 Ilene Hill,6772370723
Barnaby,Dumberell,799-83-6980,9 Cherokee Junction,2379715729
Rhetta,Bremeyer,246-27-1133,0 Mayfield Center,1356668362
Ricky,Humble,331-67-8500,3 Erie Parkway,6836068612
Bonnibelle,Karmel,325-26-0669,88 Blaine Park,6678846927
Geordie,Bursnall,498-27-2725,366 Milwaukee Junction,1873171777
Isadora,Graine,486-95-7676,272 Sunfield Avenue,7709862850
Christin,Middleton,437-77-5322,07 Melby Street,6199180112
Camala,Tersay,710-24-3493,353 Magdeline Junction,2692613928
Barnebas,Lebarree,135-58-9711,837 West Plaza,3242079856
Lizbeth,Takis,469-02-2153,952 Prentice Way,6631302898
Paten,Fullager,172-54-7532,5948 Springview Park,8101162120
Sheree,July,225-28-0998,99929 Monterey Plaza,4309290411
Royal,Bownde,863-75-5021,55546 Meadow Valley Park,5846495149
Morlee,Cherry,485-31-8951,57 Melby Center,8495530842
Grayce,Iskower,748-98-6435,0375 Westerfield Street,4405597148
Luce,McTrusty,275-41-6462,34 Kensington Pass,4649056686
Marlane,Dunseith,276-53-7112,8 Buell Parkway,3672110778
Phylis,Kitchenham,719-44-8341,2107 Declaration Pass,8138650364
Pablo,Gillman,340-83-6731,737 6th Court,8481403350
Hanson,Ziemen,459-67-5701,3 Nevada Point,5702392400
Gibby,Lismore,525-17-9472,3999 Lawn Avenue,5933012702
Ilsa,Coulton,714-37-0339,59230 Schmedeman Circle,2761564287
Marlee,Mainland,162-04-6232,845 Aberg Way,9262626755
Archibaldo,Swaisland,114-50-8904,5 Upham Terrace,8703657013
Karolina,Croasdale,828-41-2772,032 Manley Park,1029647642
Pepito,Threadgall,387-28-0651,86204 Meadow Valley Pass,8572855594
Vernen,Brumpton,452-33-4777,005 Westport Center,2816985445
Persis,Gronaller,519-82-6504,4 Dorton Drive,9786798582
Gordy,O'Donovan,118-46-4532,3776 Debra Terrace,7282732217
Alfreda,Rennox,321-21-6565,07494 Kedzie Way,9846868539
Tyson,Fremantle,640-58-6606,4 Hermina Road,6087064461
Tristan,Tuft,437-39-0263,456 Kinsman Crossing,8165793161
Happy,Etchell,644-59-0966,37 Schurz Court,5481697780
Sampson,Lount,264-52-6311,97 Annamark Terrace,1392559684
Idaline,Verdy,634-07-2873,50893 Derek Circle,9789129153
Yorker,Kellet,830-25-3236,44 Clarendon Center,2481321961
Thorpe,Sedcole,655-36-1215,3 Westridge Hill,3909678772
Catrina,Matuskiewicz,854-84-8564,2697 Fairfield Way,5074673898
Derron,Albisser,244-22-5508,35 Troy Street,1707121355
Tim,Brownsey,513-53-4978,95710 Crownhardt Drive,5782784467
Gladi,Cowderoy,862-73-8669,9 Clemons Hill,9122124195
Reid,Elies,460-62-8320,7398 Maryland Plaza,3636385532
Lurlene,Godar,848-40-8197,1534 Thackeray Circle,6373042461
Avivah,M'Chirrie,240-19-6931,0418 Northwestern Avenue,7518067288
Clara,Haggidon,240-78-7891,92231 Barnett Point,4034334324
Dorthy,Kerrigan,138-71-2743,7785 Anderson Plaza,9527535703
Libbie,Honnicott,444-57-0756,499 Ridge Oak Avenue,9965704272
Megen,Anderer,499-57-7115,87 Sunfield Circle,8231449999
Nadia,Eminson,652-22-5007,90 Oxford Center,9131829441
Jarret,Cannam,665-45-3824,92477 Meadow Valley Terrace,1477385556
Donny,Conlaund,659-60-4188,58440 Clove Parkway,9658609971
Jakie,Pooke,154-25-8901,3396 Hovde Trail,5942739743
Rutledge,Sleeny,786-51-4951,9387 Magdeline Crossing,7286533055
Gayler,Minchi,302-13-6225,68 Mallard Drive,4046471111
Tiffi,Lush,307-40-3928,42 Muir Trail,2028919450
Geoffry,Clapison,280-95-6447,558 Dixon Street,1961767859
Patty,Dakhov,282-07-6872,69767 Ryan Court,5839087062
Jeremiah,Wesson,717-97-0648,9 Iowa Junction,4713491334
Nicolais,Bottini,162-85-4685,40 Cascade Point,6876552086
Pip,Rainsbury,358-52-8879,2480 Brickson Park Park,4126980439
Cosette,Casewell,297-08-7921,23379 Elgar Drive,2822568594
Sander,Crank,685-33-2679,2526 Gina Park,8235176140
Katerina,Lowde,181-64-8080,9 Red Cloud Hill,1103625586
Cathrin,Prebble,358-06-7080,786 Arrowood Alley,5693401824
Jillane,Liddon,832-68-5506,673 Springs Drive,4351679035
Cami,Bagguley,639-50-6539,4746 Boyd Plaza,1258847463
Bartholomeo,Hek,145-59-2733,049 Dottie Way,4925447215
Kelly,Thiese,850-38-4869,77 Hovde Lane,2885673729
Vi,Willingham,694-43-9797,561 Marquette Way,1566540611
Pavlov,Eggar,264-81-4480,4319 Shopko Road,1207896186
Yvette,Dmych,838-94-2493,6 Dwight Plaza,8815273929
Nannie,Chartman,541-76-4270,0 Luster Hill,1099768340
Mada,Norrey,734-26-1957,43 Mayfield Junction,9944621827
Frankie,Sturdgess,560-34-5232,256 Garrison Plaza,4336901247
Peyter,Queenborough,839-35-0601,6850 Bluestem Junction,8109213518
Christine,Biffen,525-21-5304,2 Village Alley,9995725513
Abbe,Oger,874-16-3939,33 Lerdahl Court,3203072129
Benedick,Criag,831-33-9884,0934 Granby Alley,4619323551
Lynnett,Simionato,105-64-3106,268 Dovetail Drive,5341627579
Dacia,Mangeney,789-82-6849,82 Pierstorff Way,1121096847
Pieter,Shewring,703-92-3192,742 Main Parkway,9245213601
Astrid,Hegarty,326-40-0538,3597 Gina Center,6683599858
Tobiah,Pattington,560-56-5010,3 Stone Corner Street,3073634231
Sheila-kathryn,Tressler,392-03-4322,459 Manley Point,2644515757
Tommy,Van Daalen,883-14-3036,72 Southridge Way,1613807065
Windham,Theyer,388-95-8117,58987 Miller Park,4337505000
Delcine,Jimenez,591-88-0504,0 Beilfuss Park,9111078722
De witt,Szabo,249-26-0492,63783 Starling Point,9241964730
Misty,Vaughan,721-58-3600,1 Glacier Hill Park,6656129162
Will,Tiffany,616-68-2168,165 Forest Run Pass,2421485178
Teena,Warratt,200-07-7618,61 Arkansas Pass,2259519479
Roseann,Roper,259-97-7125,3 Park Meadow Place,5158612651
Cecily,Rodgers,864-91-0694,99 Pennsylvania Point,9326566422
Solomon,Dugue,807-21-1911,1153 Main Parkway,8895623709
Jacquelyn,Birrane,807-39-5898,6547 Hoard Circle,5918009834